openMenu,NEODC_1,
102 Dalmations,T36803N,
18 Wheeler - American Pro Trucker,MK-51064,
240P Test Suite,T240P,
4 Wheel Thunder,T-9708N,
4X4 Evo Revival,T41903N,
4x4 Jam,T1624N,
90 Minutes,MK-5119050,
Advanced Daisenryaku 2001,HDR-0158,
Aerowings,T40201N,
Aerowings 2,T40210N,
After The Fall,T47803M,
Agartha,HDR-0000,
Airforce Delta,T9501N,
Alice Dreams Tournament,ADT,
Alice Sisters,ASS,
Alice's Mom's Rescue,T015J,
Alien Front Online,MK-51171,
Alone In The Dark,T15117N,
Alone In The Dark,T15117N,
Andro Dunos 2,IND32603,
Animal Basket,T0021M,
Another World / Heart of the Alien,AWHOTA,
Aqua GT,T40509D 50,
Arcade Racing Legends RTE,MK-37792,
Armada,T40301N 00,
Armed 7,ARMED,
Army Men - Sarge's Heroes,T-9715N,
Atari Anniversary Edition,T15130N,
Bang! - Gunship Elite,T44102N,
Bangai-O,T40217N,
Bass Rush Dream,T5801M,
Battle Crust,CRUST,
Beserk Millenium Falcon,T2101M,
Birdcage of Horrors: Chapter 1,HDR-0033,
Birdcage of Horrors: Chapter 2,HDR-0034,
Birdcage of Horrors: Chapter 3,HDR-0035,
Birdcage of Horrors: Chapter 4,HDR-0036,
Birdcage of Horrors: Chapter 5,HDR-0037,
Birdcage of Horrors: Chapter 6,HDR-0038,
Block Pong-Pong,T0023M,
Blue Stinger,T13001N,
Blue Stinger,HDR-0003,
Blue Submarine,HDR-0075,
Bokomu No Tatsujin,T42904M,
Bomberman Online,MK-51065,
Border Down,T46703M,
Breakers,BREAK,
Buggy Heat,T6801M,
Bust A Move 4,T-8117N,
Buzz Lightyear Of Star Command,T13007N,
Cannon Spike,T1215N,
Capcom Vs Snk,T1218N,
CAPCOM VS. SNK 2 (ENGLISH),T1249M,
Capcom Vs Snk 2 Fan Disc,T2249M,
Capcom Vs Snk Pro,T1247M,
Captain Tomaday,MK6920,
Carrier,T5701N,
Castlevania Resurrection,T0000N00,
Cave Story,IMR0002,
Ceasar's Palace 2000 Millennium Gold Ed,T-12504N,
Centipede,T40602N,
Championship Surfer,T41403N,
Chaos Field,T47801M,
Charge N' Blast,T15127N,
Chicken Run,T36811N,
Chu Chu Rocket,MK-51049,
Cleopatra Fortune,T16603M,
Coaster Works,T15128N,
Confidential Mission,MK-51160,
Conflict Zone,T17721N,
Cool Cool Toon,T3106M,
Cool Herders,COOLHERD,
Cosmic Smash,HDR-0176,
Crazy Taxi,MK-51035,
Crazy Taxi 2,MK-51136,
Cyber Troopers Virtual On,T13004N,
Cyber Troopers Virtual On,HDR-0040,
D2,MK-51036,
D2,MK-51036,
D2,MK-51036,
D2,MK-51036,
Dave Mirra Freestyle Bmx,T-8120N,
Daytona USA Arcade Edition,MK-51037,
DDR 2nd Mix: DC Edition,T9506M,
DDR Club Version: DC Edition,T9508M,
De La Jet Set Radio,HDR-0128,
Dead Or Alive 2,T3601N,
Dead Or Alive 2 Limited Edition,T3601M,
Death Crimson 2,T23201M,
Death Crimson Ox,T2401N,
Dee Dee Planet,HDR-0041,
Deep Fighter,T17705N,
Deep Fighter,T17705N,
Defense Commander,T1234M,
Demolish Fist,T0008M,
Demolition Racer - No Exit,T15112N,
Denshe De Go 2 3000 Bandai,T1102M,
DINO CRISIS,T7019D  06,
Dinosaur,T-17717N,
Dirty Pigskin Football,T0015M,
Dolphin Blue,T0006M,
Donald Duck Goin' Quackers,T17714D50,
Doom64,D64ADE,
Draconus - Cult Of The Wyrm,T40203N,
Dragonriders - Chronicles Of Pern,T17720N,
DreamBOR 7 in 1,T18043N,
Dreamcast Flash Eraser,DCFLASH,
Dreamcast Halloween,HALLOWEEN,
Dreamcast Sequencer Otoire,T32801M,
Dreamcast VMU Data Issue,6108094,
Dreamcastnoid,NOID,
DreamChess,HB-0002,
DreamExplorer,ADE017,
DreamKey 1.5,832002205,
DreamKey 2,832005350,
DreamKey 3,ADE003,
DreamOn #01,8320002 50,
DreamOn #02,8320001 50,
DreamOn #03,8320006 71,
DreamOn #04,8320011 50,
DreamOn #05,8320012 50,
DreamOn #06,8320015 50,
DreamOn #07,8320017 50,
DreamOn #08,8320019 50,
DreamOn #09,8320023 50,
DreamOn #10,8320028 50,
DreamOn #11,8320032 50,
DreamOn #12,8320035 50,
DreamOn #13,8320038 50,
DreamOn #14,8320043 50,
DreamOn #15,8320047 50,
DreamOn #16,8320051 50,
DreamOn #17,8320054 50,
DreamOn #18,8320056 50,
DreamOn #19,8320060 50,
DreamOn #20,8320062 50,
DreamOn #21,8320064 50,
DreamOn #22,8320066 50,
DreamShell,DS400REL,
Driving Strikers,KZ-0002,
Driving Strikers - Holiday Edition,KZ-0001,
Ducati World - Racing Challenge,T-8113N,
DUX,DUX,
Dynamite Cop,MK-51013,
Ecco The Dolphin,MK-51033,
Ecco The Dolphin 2,T1000M,
ECW Anarchy Rulz,T-8114N,
ECW Hardcore Revolution,T-8112N,
Elansar,ELSAN,
Elemental Gimmick Gear,T41601N,
Epitech Console Laboratory,EPITECH,
ES,T45501M,
ES,T45501M,
ES,T45501M,
Escape 2042 - The Truth Defenders,2042,
ESPN International Track & Field,T9509N,
ESPN NBA 2Night,T9505N,
European Super League,T7015D  50,
Evil Dead - Hail To The King,T10003N,
Evil Twin - Cyprien's Chronicles,T46605D 80,
Evolution,T17705D 05,
Evolution - The World of Sacred Device,T17706N,
Evolution 2,T1711N,
Exhibition Of Speed,T22903D 50,
Expendable,T15104N,
Extreme Hunting,T0024M,
Extreme Hunting 2 Tournament Edition,T0025M,
F1 Racing Championship,17706D-50,
F1 World Grand Prix,T3001N,
F1 World Grand Prix 2,T3002M  50,
F355 Challenge,MK-0100,
Fast Striker,MK1014,
Faster than speed,T0005M,
Fatal Fury - Mark Of The Wolves,T44306N,
Feet Of Fury,FEET,
Fighting Force 2,36801N,
Fighting Vipers 2,HDR-0133,
Fighting Vipers 2,MK-5115450,
Finding Teddy,T9464N,
Fire Pro Wrestling D,T18805M,
First of the North Star,T0009M,
Fish Eyes Wild,T9105M,
Fish Life Amazon,HDR-0094,
Flag To Flag,MK-51007,
FlashBack / Fade to Black,FBFFB2,
Flea,FLEA,
Flintstones In Viva Rock Vegas,T-45003D50,
Floigan Bros.,MK-51114,
Force Five,T0020M,
Frame Gride,T34201M,
Frogger 2,T40604N,
Fruity,FRUIT,
Fur Fighters,T-8107N,
FX Unit Yuki,MK0788,
G.G. - All Pro Wrestling 2,HDR-0005,
G.G. 2000 All Pro Wresting 3,HDR-0101,
Ganryu,GANRYU,
Gauntlet Legends,T9710N,
Geist Force,GM-9999999,
Get!! Colonies,HDR-0071,
Ghoul Grind - Night of The Necromancer,GHOUL,
Giana's Return,HB0003,
Giant Killers,T45401D 50,
Giga Wing,T1209N,
Giga Wing 2,T1222N,
Godzilla Generations,HDR-0004,
Godzilla Generations Max Impact,HDR-0047,
Golf Shiyouyo 2,T44501M,
Grand Theft Auto 2,T42102N,
Grandia 2,T17716N,
Grinch,T9512N,
Guilty Gear Isuka,T0013M,
Guilty Gear X,T0011M,
Guilty Gear X,T-2402M,
Gunbird 2,T1214N,
Gunbird 2,T7018D  50,
Gundam DX 2 In 1,T13306M,
Gundam Side Story 0079,T13301N,
Gunlord,GUNLORD,
Half Life Gold Edition,ADE007,
Hanagumi Taisen Columns 2,HDR-0046,
Headhunter,MK-5104150,
Headhunter,MK-5104150,
Heavy Metal Geomatrix,T1223N,
Hellgate,ADE008,
Hello Kitty - Lovely Fruit Park,HDR-0055,
Hello Kitty - Magical Block,HDR-0070,
Hello Kitty - Waku Waku Cookies,HDR-0090,
Hello Kitty no Garden Panic,6107381,
Hello Kitty no Otonaru Mail,HDR-0065,
Hermes,HERMES,
Heroes Of Might And Magic 3,ADE020,
Hidden And Dangerous,T-40502-N,
House Of The Dead 2,MK-51002,
Hoyle Casino,T11008N 00,
Hundred Swords,HDR-0124,
Hydra Castle Labyrinth,HYDRA,
Hydro Thunder,T-9702N,
I-Spy Operation Espionage,T41302N,
Ikaruga,T38706M,
Illbleed,T46001N,
Incoming,T12503N,
Inhabitants,INHABIT,
Internet Game Pack,MK-51138,
Intrepid Izzy,IZZY,
Irides Master Of Blocks,BLOCKS,
Iron Aces,T44904D 50,
James and Watch - Arm,ADE009,
James and Watch - Tooth Cracker,TEETH,
Jeremy Mcgrath Supercross 2000,T-8104N,
Jet Grind Radio,MK-51058,
Jimmy Whites 2 Cueball,T7001D  50,
JoJo's Bizarre Adventure,T1206N,
Jojo's Bizarre Adventure FMS,T1231M,
Kao The Kangaroo,T22903N,
Karous,T47803M,
KenJu,T0019M,
King of Fighters - Dream Match 1999,T3101N,
King Of Fighters 2000,T47303M,
King Of Fighters 2001,T47304M,
King Of Fighters 2002,T47305M,
King of Fighters Evolution,T44302N,
King of Fighters Neowave,T0007M,
King of Fighters XI,T0001M,
KISS Psycho Circus,T41901N,
Knights of Valour - The Seven Spirits,T0004M,
Lack Of Love,T2106M,
Lake Masters Pro,T42401M,
Langrisser Millennium,T2501M,
Last Blade 2,T44305N,
Last Hope,LAST,
Last Hope: Pink Bullets,NGDT300P,
Legacy Of Kain - Soul Reaver,T36802N,
Leona's Tricky Adventures,LEONA,
Looney Tunes Space Race,T15116N,
Lost Golem,T41501M,
Macross M3,T21501M,
Magforce Racing,T40208N,
Magic Pockets,MK91751,
Maken X,MK-51050,
Maqiupai,JMD01,
Mars Matrix,T1221N,
Marvel Vs Capcom,T1202N,
Marvel Vs Capcom 2,T1212N,
Matt Hoffman's Pro BMX,T13005N,
Max Steel - Covert Missions,T41402N,
Maximum Pool,T11010N,
Maximum Speed,T0006M,
MDK2,T12502N,
Metal Slug 6,T0000M,
Metropolis Street Racer,MK-5102250,
Microsoft Combat Flight Simulator,T9511N  00,
Midway's Greatest Arcade Hits Vol. 1,T-9713N,
Midway's Greatest Arcade Hits Vol. 2,T-9714N,
Millenium Racer Y2K Fighters,ADE021,
Moho,T40508D 50,
Mortal Kombat Gold,T-9701N,
Mr. Driller,T1402N,
Ms. Pac-Man Maze Madness,T1404N,
MTV Sports Skateboarding,T10001D 50,
Nakoruru - The Gift She Gave Me,T44702M,
Nakoruru - The Gift She Gave Me - Bonus,T44702B,
Namco Museum,T1403N,
Napple Tale,HDR-0079,
NBA 2K,MK-51004,
NBA 2K1,MK-51063,
NBA 2K2,MK-51178,
NBA Hoopz,T9709N,
NBA Showtime,T-9706N,
NCAA Football 2K2,MK-51176,
Neo Golden Logres,T9904M,
Neo XYX,NEOXYX,
Neogeo Battle Coliseum,T0003M,
Neon Genesis Evangelion - Typing E,T35101M,
Neon Genesis Evangelion - Typing Hokan,T35102M,
Net De Tennis,T1234M,
Newgrounds Dreamcast Collab,IND-750370,
Next Tetris Online Edition,T40214N,
NFL 2K,MK-51003,
NFL 2K1,MK-51062,
NFL 2K2,MK-51168,
NFL Blitz 2000,T-9703N,
NFL Blitz 2001,T9712N,
NFL QB Club 2000,T-8101N,
NFL QB Club 2001,T-8115N,
NHL 2K,MK-51025,
NHL 2K2,MK-51182,
Nightmare Creatures 2,T9504M,
NOIZ2SA,NOIZ2SA,
Non Casual Encounter,CASENC,
NuQuake,IMR0003,
Omikron - The Nomad Soul,T36807N,
Ooga Booga,MK-51140,
Open Tyrian,IMR0001,
Orion's Puzzle Collection,T0042,
Outtrigger,MK-51102,
Panzer Front,T2102M,
PBA Bowling 2001,T26702N,
Pen Pen Tricelon,T15105N,
Phantasy Star - The Complete Collection,DC-CRS-33,
Phantasy Star Online,MK-51100,
Phantasy Star Online Ver. 2,MK-51193,
Phantasy Star Online Ver. 2 - Patcher,MK-5119350,
Phantasy Star Online Ver. 2 - EU,MK-5119350,
Phantasy Star Online Ver. 2 - Ives,MK-5119350,
Phantasy Star Online - Flash Eraser,PSOFLASH,
Phantasy Star Online - Network Trial,6107978,
Philia: the Sequel to Elansar,PHILIA,
Pier Solar and the Great Architects,PIER,
Planet Ring,MK-5112550,
Planetweb Internet Browser V3.0,T31901N,
Plasma Sword - Nightmare of Bilstein,T1207N,
Plus Plumb,T37901M,
Pod - Speedzone,T-17713N,
Pop'n Music,T9501M,
Pop'n Music 2,T9590M,
Pop'n Music 3,T9591M,
Pop'n Music 4,T9592M,
Postal,POSTAL,
Power Stone,T1201N,
Power Stone 2,T1211N,
Prince Of Persia Arabian Nights,T41405N,
Pro Pinball Trilogy,T30701D 50,
Project Justice,T1219N,
Propeller Arena,MK-51162,
Psychic Force 2012,T-31101N,
Psyvariar 2,T9907M,
Puyo Pop Fever,HDR-0216,
Puyo Puyo 4,HDR-0014,
Puyo Puyo Da!,T6601M,
Q-Bert,T40403N,
Quake,IMR0003,
Quake: Scourge of Armalon,IMR0004,
Quake: Dissolution of Eternity,IMR0005,
Quake 3 Arena,MK5106150,
Quake 3 Arena - Custom Maps,MK-51061,
Racing Sim 2 - Monaco GP Online,T-45006D50,
Radirgy,T47802M,
Railroad Tycoon - Gold Edition,T41902N,
Rainbow Cotton,T9901M,
Rainbow Six,T40401N,
Rainbow Six - Rogue Spear,T40402N,
Ranger Mission,T0016M,
Rayman 2 The Great Escape,17707N,
Razor Freestyle Scooter,T40219N,
Re-Volt,T-8109N,
Ready 2 Rumble,T9704N,
Ready 2 Rumble: Round 2,T9717N,
Record Of Lodoss War,T40218N,
Red Dog Superior Firepower,T40215N,
Redline Racer,T15002M,
Redux - Dark Matters,DARKM,
Reel Fishing Wild,T44303N,
Rent-A-Hero No. 1,HDR-0074,
Resident Evil 2,T1205N,
Resident Evil 2,T1205N,
Resident Evil 3,T1220N,
Resident Evil Code Veronica,T1204N,
Resident Evil Code Veronica,T1204N,
Resident Evil Code Veronica X,ADE022,
Resident Evil Code Veronica X,ADE022,
RetroDream,MK6682,
Rez,MK-5119250,
Ring,T15122N,
Rippin' Riders,MK-51010,
Roadsters,T22901N,
Rumble Fish,T0009M,
Rumble Fish 2,T0012M,
Run=Dim as Black Soul,T46201M,
Rune Jade,T14304M,
Rush Rush Rally Racing,RRRR,
Rush Rush Rally Reloaded,RRR,
Sakura Wars Columns 2,HDR-0046,
Samba De Amigo,MK-51092,
Samba De Amigo 2000,HDR-0131,
Samurai Spirits Tenkaichi Kenkakuden,T0002M,
San Francisco Rush 2049,T-9707N,
Satazius Next,MJ27051999,
Seaman,MK-51048,
Seaman - Christmas Messages,T39403M,
Seaman - Christmas Presents,T39404M,
Sega Bass Fishing,MK-51006,
Sega Bass Fishing 2,MK-51166,
Sega Clay challenge,T0018M,
Sega Extreme Sports,HDR-0146,
Sega GT,MK-51053,
Sega GT,MK-5105350,
Sega Karaoke,6107762,
Sega Marine Fishing,MK-51096,
Sega Rally 2,MK-51019,
Sega Smashpack Vol. 1,MK-51146,
Sega Tetris,HDR-0073,
Sega Worldwide Soccer 2000,51031-50,
Sega Worldwide Soccer 2000 Euro Edition,MK51083 50,
Seven Mansions - Ghastly Smile,T7604M,
Seventh Cross Evolution,T41301N,
SGGG - Segagaga,HDR-0151,
Shadow Gangs,SG000001,
Shadow Man,T-8106N,
Shanghai Dynasty,ADE012,
Shenmue,MK-5105950,
Shenmue,MK-5105950,
Shenmue,MK-5105950,
Shenmue 2,MK-5118450,
Shenmue 2,MK-5118450,
Shenmue 2,MK-5118450,
Shenmue 2,MK-5118450,
Shenmue Passport,MK-5105950,
Shikigami No Shiro 2,T47702M,
Silent Scope,T9507N,
Silver,T15108N,
Simpsons Bug Squad,SIMP,
SKIES OF ARCADIA,MK-51052,
SKIES OF ARCADIA,MK-51052,
Slave Zero,T15106N,
Snocross - Championship Racing,T40207N,
Soldier Of Fortune,T40212N,
Sonic Adventure,MK-51000,
Sonic Adventure - Limited Edition,MK-51014,
Sonic Adventure - Trial Version For E3,MK-5100950,
Sonic Adventure 2,MK-51117,
Sonic Adventure 2 - The Trial,6107994,
Sonic Shuffle,MK-51060,
Soul Calibur,T1401N,
Soul Fighter,T41401N,
South Park Chef's Luv Shack,T-8105N,
South Park Rally,T-8116N,
Space Channel 5 Part 1,MK-51051,
Space Channel 5 Part 2,HDR-0190,
Spawn - In The Demon's Hand,T1216N,
Spec Ops 2 - Omega Squad,T41704N,
Speed Devils,T17702N,
Speed Devils Online Racing,T17718N,
Spider-Man,T13008N,
Spirit Of Speed 1937,T-8118N,
Sports Jam,T44304N,
Sports Shooting USA,T0017M,
Star Wars Ep. 1 - Demolition,T23003N,
Star Wars Ep. 1 - Jedi Power Battles,T23002N,
Star Wars Ep. 1 - Racer,T23001N,
Starlancer,T17723D 05,
Street Fighter 3 3rd Strike,T1213N,
Street Fighter 3 Double Impact,T1210N,
Street Fighter Alpha 3,T1203N,
Stunt GP,T22904D 50,
Stupid Invaders,T17708N,
Stupid Invaders,T17708N,
Sturmwind,STURM,
Super Boom Tread Troopers,ADE013,
Super Magnetic Neo,T40206N,
Super Puzzle Fighter 2X - FMS,T1250M,
Super Street Fighter 2X - FMS,T1236M,
Surf Rockets Racers,T40216N,
Sushi Bar,T0014M,
Suzuki Alstare Extreme Racing,T17703N,
Sword Of The Berserk,T-36805N,
Sydney 2000,T36808N,
Take The Bullet,ADE015,
Tapeworm,TAPE,
Taxi 2,TAXI2,
Tech Romancer,T1208N,
Tee Off,T8108N,
Tennis 2K2,MK-51186,
Test Drive 6,T15102N,
Test Drive Cycles,ADE018,
Test Drive Le Mans,T15123N,
Test Drive V-Rally,T15110N,
Tetris 4D,T20801M,
The Escapee,ESCAPE,
The Ghost Blade,T65181N,
Time Stalkers,MK-51011,
TMNT Cowabunga Collection,T93355M,
TMNT: The Hyperstone Heist,HEIST,
TNN Motorsports Hardcore Heat,TNNM,
Toe Jam And Earl 3,ADE019,
Tokyo Bus Guide,T35402M,
Tokyo Xtreme Racer,T40202N,
Tokyo Xtreme Racer 2,T40211N,
Tomb Raider - Chronicles,T36812N,
Tomb Raider - The Last Revelation,T-36806N,
Tony Hawk's Pro Skater,T40205N,
Tony Hawk's Pro Skater 2,T13006N,
Tough Guy,T9761N,
Toy Commander,MK-57020,
Toy Racer,MK-5114950,
Toy Story 2,T13003N,
Treasure Strike,T19701M,
Trickstyle,T-8102N,
Triggerheart Exelica,T29102M,
Trizeal,T47901M,
Twinklestar Sprites,T3103M,
Typing Of The Dead,MK-51144,
UEFA Dream Soccer,MK-5109505,
UEFA Striker,T15102D 50,
Ultimate Doom,ADE016,
Ultimate Fighting Championship,T40204N,
Under Defeat,T46705M,
Unreal Tournament,T15125N,
Urban Chaos,T36810N,
Vampire Chronicle,T1235M,
Vanishing Point,T-8110N,
Vigilante 8 - 2nd Offense,T13002N,
Virtua Athlete 2K,T44301N,
Virtua Cop 2,HDR-0061,
Virtua Fighter 3 TB,MK-51001,
Virtua Striker 2,MK-51028,
Virtua Tennis,MK-51054,
VMU Backup CD,T15786M,
Volgarr The Viking,HB0001,
Wacky Races,T15113N,
Wai Wai Drive,T0022M,
Walt Disney World Magical Racing Tour,T36804N,
Wetrix+,T8111N,
What's Shenmue,6107179,
Who Wants To Be A Millionaire,T36811D 05,
Who Wants To Beat Up A Millionaire,T11011N,
Wild Metal,T42101N 00,
Wind and Water: Puzzle Battles,WWPB,
Wipeout,WIPEOUT,
Witching Hour,NA666,
Wolfenstein 3D,FPS0001,
Wolflame,WOLFLAME,
World Series Baseball 2K1,MK-51055,
World Series Baseball 2K2,MK-51152,
Worms Armageddon,T40601N,
Worms Pinball,T15124N,
Worms World Party,T22904N,
WWF Attitude,T-8103N-50,
WWF Royal Rumble,T10005N,
XDP Dreams,MK-51057,
Xeno Crisis,BB-0001,
Xenocider,T2497N,
Xtreme Sports,T15126N,
Yeah Yeah Beebiss II,BEEB,
Yu Suzuki's Game Works,6108099,
Yukawa's Treasure Hunt,HDR-0024,
Zero Gunner 2,T20401M,
Zia and the Goddesses Of Magic,ZIA,
Zombie Revenge,MK-51038,
Zusar Vasar,T43301M,
